case_id,source_pair,coding_question,original_representation,replacement_representation,source_keys,target_relation,construct_relation,geographic_domain_relation,temporal_relation,event_universe_relation,support_relation,unit_relation,final_admission,coder_confidence,coder_rationale
B01,Schug et al. / burned-area representations,Assess whether the alternative burned-area representation instantiates the same WUI-fire co-location claim,Global WUI-fire analysis using original burned-area representation,Alternative global burned-area representation,schug2023,,,,,,,,,,
B02,Global WUI extent cross-study pair,Assess whether reported global WUI extents are exact or near-construct alternatives for the stated comparison,Published global WUI extent definition A,Published global WUI extent definition B,schug2023;chen2024,,,,,,,,,,
B03,Portugal WUI building-data pair,Assess continuity when WUI delineation uses different building-data universes,Portugal WUI with source building representation,Portugal WUI with alternative building representation,barbosa2026,,,,,,,,,,
B04,U.S. WUI neighborhood-support pair,Assess continuity under neighborhood/support definition change,U.S. WUI under baseline neighborhood support,U.S. WUI under alternative neighborhood support,carlson2022;lai2025,,,,,,,,,,
B05,Canada 2023 burned-area pair,Assess whether correction changes the scientific object or only magnitude,CNFDB annual burned-area representation,NBAC/corrected annual burned-area representation,hall2020;skakun2021;skakun2022;skakun2024,,,,,,,,,,
B06a,France selected-fire pair,Assess continuity for two burned-area estimates on the selected-fire set,High-resolution burned area for selected fires >30 ha,EFFIS burned area for the same selected fires,vallet2023,,,,,,,,,,
B06b,France selected-fire vs whole-year candidate,Assess whether whole-year EFFIS is admissible for the selected-fire robustness claim,High-resolution burned area for selected fires >30 ha,EFFIS whole-year burned-area total,vallet2023,,,,,,,,,,
B07,France FWI support pair,Assess continuity of rarity/return-period interpretation under support change,FWI rarity under baseline support,FWI rarity under alternative support definition,vallet2023,,,,,,,,,,
B08,Global burned-area correction pair,Assess continuity under correction/small-fire representation,Published global burned-area representation A,Corrected/small-fire-sensitive representation B,chen2023,,,,,,,,,,
